seed,class,real_pairwise_mean,synthetic_pairwise_mean,synthetic_real_diversity_ratio
42,Bot,6.4738383293151855,4.302731037139893,0.6646336868895896
42,Web Attack - XSS,1.7418811321258545,0.23337027430534363,0.13397600444786387
42,DoS Slowhttptest,11.274162292480469,7.298473834991455,0.6473628501746262
1,Bot,6.4738383293151855,4.141583442687988,0.6397415616534392
1,Web Attack - XSS,1.7418811321258545,0.2875829041004181,0.16509904079932342
1,DoS Slowhttptest,11.274162292480469,6.3861517906188965,0.566441357233102
2,Bot,6.4738383293151855,5.923148155212402,0.9149360632610922
2,Web Attack - XSS,1.7418811321258545,0.23873625695705414,0.1370565720897911
2,DoS Slowhttptest,11.274162292480469,7.339571952819824,0.6510081868978506
